Time (ms);Barometer (Pa);Lon (° dec);Lat (° dec);Alt (m ASL)
2401;111440;1.7833333;85.1166687;0
4801;111530;1.8166667;85.1500015;0
9601;111670;1.9000000;85.2333298;0
12002;111750;1.9333333;85.2666702;0
16801;111940;2.0166667;85.3499985;0
19201;112040;2.0666666;85.4000015;0
21601;112140;2.0999999;85.4333344;0
24002;112240;2.1333334;85.4666672;0
31201;112640;2.2666667;85.5999985;0
33601;112770;2.3000000;85.6333313;0
43201;113390;2.4666667;85.8000031;0
45601;113530;-8.2891455;39.3901367;165
48002;113700;-8.2891445;39.3901367;166
50401;113860;-8.2891436;39.3901367;0
52801;114040;-8.2891445;39.3901367;166
55201;114190;-8.2891445;39.3901367;166
60002;114540;-8.2891397;39.3901367;167
62401;114720;-8.2891388;39.3901367;168
64801;114880;-8.2891369;39.3901329;168
72002;115400;-8.2891369;39.3901291;168
74401;115580;-8.2891388;39.3901291;169
76801;115740;-8.2891388;39.3901253;170
81601;116070;-8.2891426;39.3901291;170
86401;116400;-8.2891455;39.3901329;171
91201;116720;-8.2891502;39.3901329;171
98401;117230;-8.2891579;39.3901405;170
103201;117550;-8.2891617;39.3901443;170
105601;117710;-8.2891617;39.3901443;170
108001;117880;-8.2891607;39.3901443;171
110401;118040;-8.2891598;39.3901443;171
112801;118170;-8.2891598;39.3901443;0
115201;118350;-8.2891598;39.3901443;171
120001;118660;-8.2891579;39.3901443;172
132002;119480;-8.2891569;39.3901405;172
134401;119630;-8.2891560;39.3901405;0
136801;119810;-8.2891569;39.3901405;173
139201;119970;-8.2891569;39.3901443;173
141601;120130;-8.2891569;39.3901443;173
144002;120290;-8.2891569;39.3901443;173
146401;120430;-8.2891569;39.3901443;173
151201;120730;-8.2891569;39.3901482;173
156002;121020;-8.2891607;39.3901443;173
160801;121320;-8.2891617;39.3901405;173
163201;121470;-8.2891636;39.3901405;173
165601;121610;-8.2891645;39.3901405;173
168002;121780;-8.2891655;39.3901367;173
170401;121920;-8.2891655;39.3901367;173
172801;122060;-8.2891665;39.3901367;172
175201;122220;-8.2891674;39.3901329;172
177601;122360;-8.2891674;39.3901329;0
180002;122510;-8.2891674;39.3901329;172
182401;122670;-8.2891665;39.3901329;172
184801;122810;-8.2891655;39.3901329;171
187201;122970;-8.2891254;39.3901443;172
192002;123260;-8.2891254;39.3901329;170
194401;123420;-8.2891273;39.3901367;169
196801;123570;-8.2891321;39.3901329;0
201601;123850;-8.2891340;39.3901367;167
204002;123990;-8.2891350;39.3901329;167
206401;124130;-8.2891369;39.3901329;167
208801;124260;-8.2891397;39.3901367;166
211201;124410;-8.2891407;39.3901329;166
214801;124620;-8.2891417;39.3901291;166
217201;124780;-8.2891417;39.3901291;166
219601;124890;-8.2891426;39.3901329;166
224401;125180;-8.2891436;39.3901367;166
226801;125330;-8.2891388;39.3901367;165
229201;125460;-8.2891455;39.3901443;168
231601;125600;-8.2891464;39.3901443;168
234002;125730;-8.2891483;39.3901482;168
237601;125920;-8.2891493;39.3901482;167
240002;126080;-8.2891483;39.3901405;167
242401;126210;-8.2891455;39.3901443;167
244801;126360;-8.2891417;39.3901405;166
247201;126470;-8.2891445;39.3901405;166
249601;126590;-8.2891464;39.3901443;167
252002;126720;-8.2891455;39.3901520;165
254401;126870;-8.2891464;39.3901520;165
256801;126980;-8.2891464;39.3901520;166
261601;127250;-8.2891483;39.3901520;0
264002;127360;-8.2891502;39.3901367;169
266401;127500;-8.2891493;39.3901367;169
268801;127610;-8.2891474;39.3901367;170
271201;127740;-8.2891483;39.3901367;170
273601;127890;-8.2891493;39.3901367;169
276002;128000;-8.2891493;39.3901405;169
278401;128130;-8.2891521;39.3901405;169
280801;128250;-8.2891560;39.3901405;0
283201;128360;-8.2891579;39.3901405;167
285601;128490;-8.2891636;39.3901405;168
288002;128620;-8.2891636;39.3901405;168
290401;128750;-8.2891636;39.3901405;168
292801;128870;-8.2891655;39.3901405;169
295201;128990;-8.2891645;39.3901405;169
300002;129230;-8.2891512;39.3901367;171
302401;129370;-8.2891483;39.3901329;0
304801;129470;-8.2891455;39.3901253;171
307201;129610;-8.2891445;39.3901253;171
309601;129730;-8.2891426;39.3901253;170
312002;129840;-8.2891426;39.3901291;171
314401;129990;-8.2891436;39.3901291;171
316801;130090;-8.2891455;39.3901367;171
319201;130220;-8.2891436;39.3901329;171
321601;130340;-8.2891426;39.3901329;171
324002;130450;-8.2891426;39.3901367;171
326401;130580;-8.2891436;39.3901367;171
328801;130680;-8.2891436;39.3901405;172
331201;130810;-8.2891426;39.3901405;172
333601;130920;-8.2891426;39.3901405;172
336002;131050;-8.2891426;39.3901405;171
338401;131160;-8.2891426;39.3901405;172
340801;131260;-8.2891407;39.3901405;172
343201;131370;-8.2891407;39.3901405;172
345601;131470;-8.2891397;39.3901405;172
348002;131610;-8.2891378;39.3901405;171
350401;131710;-8.2891359;39.3901405;171
352801;131830;-8.2891340;39.3901443;171
355201;131930;-8.2891340;39.3901443;171
357601;132050;-8.2891340;39.3901405;0
360002;132170;-8.2891340;39.3901405;170
362401;132260;-8.2891359;39.3901405;170
364801;132420;-8.2891378;39.3901405;170
367201;132520;-8.2891397;39.3901443;169
369601;132630;-8.2891426;39.3901443;169
372002;132740;-8.2891455;39.3901443;168
374401;132850;-8.2891483;39.3901443;168
376801;132940;-8.2891531;39.3901443;167
379201;133060;-8.2891560;39.3901405;167
381601;133190;-8.2891588;39.3901405;167
384002;133280;-8.2891598;39.3901405;167
386401;133410;-8.2891607;39.3901443;167
388801;133530;-8.2891598;39.3901443;167
391201;133650;-8.2891598;39.3901443;167
393601;133760;-8.2891607;39.3901482;167
396002;133860;-8.2891617;39.3901482;167
398401;133970;-8.2891617;39.3901520;167
400801;134110;-8.2891617;39.3901520;167
403201;134220;-8.2891617;39.3901520;0
405601;134320;-8.2891607;39.3901558;168
408002;134450;-8.2891607;39.3901558;169
410401;134540;-8.2891588;39.3901558;169
412801;134640;-8.2891579;39.3901558;169
415201;134740;-8.2891579;39.3901520;170
417601;134870;-8.2891588;39.3901520;170
420002;134980;-8.2891588;39.3901520;170
422401;135080;-8.2891598;39.3901520;170
424801;135170;-8.2891588;39.3901558;170
427201;135260;-8.2891588;39.3901558;170
429601;135410;-8.2891588;39.3901596;170
432001;135500;-8.2891579;39.3901558;169
434401;135600;-8.2891588;39.3901596;169
436801;135700;-8.2891607;39.3901634;168
439201;135790;-8.2891617;39.3901634;168
441601;135920;-8.2891626;39.3901672;169
444001;136000;-8.2891607;39.3901672;169
446401;136100;-8.2891607;39.3901672;169
448801;136230;-8.2891598;39.3901672;169
451201;136360;-8.2891588;39.3901634;169
453601;136430;-8.2891588;39.3901596;168
456001;136540;-8.2891579;39.3901596;168
458401;136630;-8.2891560;39.3901558;168
460801;136710;-8.2891550;39.3901558;167
463201;136820;-8.2891531;39.3901558;167
465601;136910;-8.2891512;39.3901596;167
468002;137020;-8.2891521;39.3901596;0
470401;137100;-8.2891531;39.3901634;167
472801;137220;-8.2891569;39.3901672;167
477601;137420;-8.2891598;39.3901634;167
480002;137540;-8.2891598;39.3901596;166
482401;137640;-8.2891588;39.3901558;166
484801;137710;-8.2891607;39.3901520;166
487201;137810;-8.2891607;39.3901482;166
489601;137900;-8.2891607;39.3901443;166
492001;138000;-8.2891598;39.3901405;166
494401;138110;-8.2891607;39.3901405;166
496801;138240;-8.2891579;39.3901367;166
499201;138300;-8.2891560;39.3901367;166
501601;138390;-8.2891521;39.3901291;166
504001;138480;-8.2891541;39.3901329;167
511201;138730;-8.2891560;39.3901443;168
513601;138800;-8.2891569;39.3901520;169
516002;138890;-8.2891579;39.3901558;169
518401;139010;-8.2891569;39.3901596;170
520801;139100;-8.2891560;39.3901596;170
523201;139190;-8.2891569;39.3901596;169
525601;139290;-8.2891588;39.3901596;169
528002;139370;-8.2891607;39.3901634;169
530401;139440;-8.2891626;39.3901672;169
532801;139540;-8.2891626;39.3901672;168
535201;139650;-8.2891626;39.3901634;168
537601;139770;-8.2891626;39.3901634;167
540002;139810;-8.2891626;39.3901634;167
542401;139910;-8.2891626;39.3901634;0
544801;140010;-8.2891617;39.3901634;167
547201;140100;-8.2891588;39.3901672;166
549601;140200;-8.2891588;39.3901672;166
552002;140260;-8.2891598;39.3901634;166
554401;140350;-8.2891607;39.3901596;166
556801;140430;-8.2891617;39.3901634;166
559201;140490;-8.2891607;39.3901634;166
561601;140610;-8.2891636;39.3901672;167
564001;140680;-8.2891655;39.3901711;168
566401;140780;-8.2891655;39.3901711;168
568801;140820;-8.2891645;39.3901672;167
571201;140920;-8.2891645;39.3901672;167
573601;141020;-8.2891655;39.3901634;166
576001;141110;-8.2891674;39.3901596;166
578401;141190;-8.2891693;39.3901596;167
580801;141290;-8.2891722;39.3901558;168
583201;141360;-8.2891731;39.3901558;168
585601;141420;-8.2891750;39.3901520;168
588001;141520;-8.2891750;39.3901482;168
590401;141600;-8.2891750;39.3901443;167
592801;141670;-8.2891741;39.3901367;167
595201;141770;-8.2891731;39.3901367;166
597601;141840;-8.2891722;39.3901367;166
600002;141930;-8.2891712;39.3901443;166
602401;142040;-8.2891722;39.3901482;167
604801;142100;-8.2891731;39.3901520;167
607201;142160;-8.2891731;39.3901558;167
609601;142250;-8.2891722;39.3901596;167
612002;142330;-8.2891712;39.3901634;167
614401;142420;-8.2891731;39.3901634;167
616801;142490;-8.2891731;39.3901596;168
619201;142550;-8.2891722;39.3901634;167
621601;142630;-8.2891712;39.3901596;0
624001;142710;-8.2891712;39.3901596;167
626401;142790;-8.2891722;39.3901558;168
628801;142880;-8.2891712;39.3901558;168
631201;142950;-8.2891703;39.3901558;168
633601;143050;-8.2891684;39.3901558;168
636001;143130;-8.2891674;39.3901558;169
638401;143220;-8.2891645;39.3901558;169
640801;143290;-8.2891636;39.3901596;0
643201;143360;-8.2891607;39.3901596;0
645601;143450;-8.2891598;39.3901558;170
648001;143530;-8.2891588;39.3901558;170
650401;143610;-8.2891569;39.3901558;170
652801;143700;-8.2891569;39.3901520;170
655201;143790;-8.2891560;39.3901520;170
657601;143860;-8.2891560;39.3901520;170
660002;143940;-8.2891550;39.3901520;170
662401;144010;-8.2891550;39.3901482;171
664801;144090;-8.2891550;39.3901482;0
667201;144140;-8.2891541;39.3901443;172
669601;144250;-8.2891531;39.3901443;173
672002;144330;-8.2891541;39.3901520;172
674401;144410;-8.2891569;39.3901520;171
676801;144490;-8.2891588;39.3901482;171
679201;144570;-8.2891569;39.3901405;171
681601;144640;-8.2891569;39.3901405;171
684002;144710;-8.2891569;39.3901367;171
686401;144790;-8.2891579;39.3901367;171
688801;144850;-8.2891579;39.3901367;170
691201;144950;-8.2891588;39.3901405;170
693601;145000;-8.2891579;39.3901405;170
696002;145070;-8.2891579;39.3901405;170
698401;145150;-8.2891560;39.3901367;170
700801;145240;-8.2891550;39.3901367;170
703201;145300;-8.2891541;39.3901367;0
705601;145400;-8.2891541;39.3901367;170
708002;145480;-8.2891531;39.3901367;170
710401;145540;-8.2891531;39.3901367;170
712801;145630;-8.2891541;39.3901367;170
715201;145700;-8.2891541;39.3901367;170
718801;145810;-8.2891550;39.3901405;0
723601;145930;-8.2891541;39.3901367;169
727201;146040;-8.2891531;39.3901367;169
729601;146120;-8.2891531;39.3901367;169
732002;146200;-8.2891531;39.3901367;169
734401;146230;-8.2891531;39.3901367;169
736801;146290;-8.2891521;39.3901367;168
739201;146370;-8.2891531;39.3901367;168
741601;146420;-8.2891541;39.3901367;168
744002;146510;-8.2891560;39.3901367;169
746401;146570;-8.2891588;39.3901367;169
748801;146660;-8.2891607;39.3901405;168
751201;146730;-8.2891617;39.3901405;168
753601;146800;-8.2891617;39.3901405;168
756002;146870;-8.2891617;39.3901405;168
758401;146910;-8.2891617;39.3901405;168
760801;147010;-8.2891617;39.3901405;168
763201;147060;-8.2891617;39.3901405;169
765601;147150;-8.2891607;39.3901405;169
768002;147210;-8.2891607;39.3901405;169
770401;147300;-8.2891607;39.3901367;169
772801;147340;-8.2891607;39.3901367;170
775201;147390;-8.2891607;39.3901367;170
777601;147470;-8.2891607;39.3901367;170
780002;147540;-8.2891617;39.3901367;170
782401;147620;-8.2891617;39.3901367;170
784801;147670;-8.2891617;39.3901367;170
787201;147760;-8.2891617;39.3901367;170
789601;147800;-8.2891617;39.3901329;171
792002;147900;-8.2891607;39.3901329;171
794401;147970;-8.2891607;39.3901329;171
796801;148050;-8.2891598;39.3901329;171
799201;148120;-8.2891598;39.3901329;171
801601;148190;-8.2891598;39.3901329;171
804002;148260;-8.2891579;39.3901329;171
806401;148330;-8.2891569;39.3901329;171
808801;148400;-8.2891560;39.3901329;171
811201;148470;-8.2891550;39.3901329;171
813601;148540;-8.2891560;39.3901329;171
816002;148630;-8.2891550;39.3901329;171
818401;148710;-8.2891560;39.3901329;0
820801;148780;-8.2891560;39.3901329;171
823201;148840;-8.2891560;39.3901367;170
825601;148930;-8.2891569;39.3901367;170
828002;148980;-8.2891560;39.3901329;170
830401;149050;-8.2891569;39.3901329;170
834002;149170;-8.2891569;39.3901329;170
836401;149230;-8.2891579;39.3901329;170
838801;149320;-8.2891579;39.3901329;170
841201;149390;-8.2891588;39.3901329;170
843601;149470;-8.2891588;39.3901291;170
846002;149530;-8.2891588;39.3901291;170
848401;149600;-8.2891598;39.3901291;170
850801;149660;-8.2891598;39.3901291;169
853201;149740;-8.2891607;39.3901329;169
855601;149830;-8.2891607;39.3901329;170
858001;149880;-8.2891617;39.3901329;170
860401;149960;-8.2891617;39.3901329;170
862801;150020;-8.2891626;39.3901329;170
865201;150110;-8.2891617;39.3901329;171
868801;150190;-8.2891607;39.3901329;171
871201;150270;-8.2891598;39.3901329;0
873601;150350;-8.2891598;39.3901329;171
876001;150420;-8.2891598;39.3901329;171
878401;150500;-8.2891598;39.3901329;171
880801;150570;-8.2891598;39.3901367;171
883201;150610;-8.2891588;39.3901367;171
885601;150720;-8.2891588;39.3901405;171
888002;150790;-8.2891588;39.3901443;171
890401;150870;-8.2891588;39.3901482;171
892801;150930;-8.2891598;39.3901482;171
895201;151000;-8.2891617;39.3901520;171
897601;151040;-8.2891626;39.3901482;171
900002;151140;-8.2891636;39.3901443;171
902401;151220;-8.2891655;39.3901443;170
904801;151280;-8.2891655;39.3901443;170
907201;151350;-8.2891655;39.3901405;170
909601;151410;-8.2891655;39.3901405;170
913201;151510;-8.2891645;39.3901405;170
915601;151560;-8.2891655;39.3901405;170
918001;151640;-8.2891655;39.3901405;170
920401;151700;-8.2891665;39.3901405;170
922801;151770;-8.2891665;39.3901405;0
925201;151830;-8.2891674;39.3901405;170
927601;151900;-8.2891684;39.3901405;170
930001;151960;-8.2891693;39.3901367;170
932401;152030;-8.2891712;39.3901367;170
934801;152090;-8.2891722;39.3901329;170
937201;152160;-8.2891731;39.3901291;170
939601;152220;-8.2891741;39.3901291;170
942001;152280;-8.2891750;39.3901291;170
944401;152350;-8.2891741;39.3901291;170
946801;152410;-8.2891731;39.3901253;170
949201;152460;-8.2891722;39.3901253;170
951601;152530;-8.2891712;39.3901253;170
954002;152590;-8.2891712;39.3901253;170
956401;152640;-8.2891703;39.3901253;170
960002;152740;-8.2891703;39.3901253;171
962401;152790;-8.2891684;39.3901253;171
964801;152850;-8.2891665;39.3901253;171
967201;152900;-8.2891645;39.3901253;171
969601;152930;-8.2891636;39.3901291;171
972002;152990;-8.2891617;39.3901291;171
974401;153060;-8.2891617;39.3901291;171
976801;153110;-8.2891617;39.3901329;171
979201;153160;-8.2891617;39.3901329;170
981601;153210;-8.2891617;39.3901329;170
984002;153270;-8.2891626;39.3901329;170
986401;153330;-8.2891626;39.3901367;170
988801;153360;-8.2891617;39.3901405;170
991201;153430;-8.2891617;39.3901405;170
993601;153500;-8.2891617;39.3901443;169
996002;153550;-8.2891607;39.3901443;169
998401;153600;-8.2891607;39.3901443;169
1000801;153640;-8.2891598;39.3901443;169
1003201;153680;-8.2891598;39.3901443;169
1005601;153760;-8.2891598;39.3901443;0
1008002;153810;-8.2891588;39.3901443;169
1010401;153860;-8.2891579;39.3901482;170
1012801;153900;-8.2891560;39.3901520;170
1015201;153950;-8.2891550;39.3901520;170
1017601;154010;-8.2891550;39.3901558;170
1020002;154070;-8.2891550;39.3901558;170
1022401;154100;-8.2891541;39.3901596;170
1024801;154140;-8.2891550;39.3901596;171
1027201;154200;-8.2891541;39.3901596;171
1029601;154240;-8.2891541;39.3901596;171
1032002;154320;-8.2891560;39.3901558;172
1034401;154350;-8.2891560;39.3901558;172
1036801;154400;-8.2891579;39.3901520;172
1039201;154460;-8.2891579;39.3901520;173
1041601;154490;-8.2891588;39.3901520;173
1044002;154550;-8.2891579;39.3901520;173
1046401;154600;-8.2891569;39.3901520;173
1048801;154640;-8.2891560;39.3901520;172
1051201;154690;-8.2891541;39.3901520;172
1053601;154740;-8.2891531;39.3901520;0
1056002;154790;-8.2891531;39.3901520;0
1058401;154850;-8.2891512;39.3901520;171
1060801;154880;-8.2891502;39.3901520;172
1063201;154940;-8.2891493;39.3901482;172
1065601;154980;-8.2891474;39.3901482;172
1068002;155030;-8.2891474;39.3901482;172
1070401;155090;-8.2891474;39.3901482;172
1072801;155120;-8.2891474;39.3901482;172
1075201;155190;-8.2891474;39.3901482;172
1077601;155210;-8.2891483;39.3901482;0
1080002;155290;-8.2891493;39.3901443;171
1082401;155340;-8.2891502;39.3901482;171
1084801;155370;-8.2891512;39.3901482;171
1087201;155430;-8.2891531;39.3901482;171
1089601;155470;-8.2891541;39.3901520;171
1092002;155520;-8.2891541;39.3901520;171
1094401;155590;-8.2891541;39.3901482;171
1096801;155610;-8.2891550;39.3901520;171
1099201;155660;-8.2891569;39.3901482;171
1101601;155710;-8.2891569;39.3901482;171
1104002;155780;-8.2891588;39.3901482;171
1106401;155810;-8.2891598;39.3901482;171
1111201;155910;-8.2891617;39.3901443;172
1113601;155940;-8.2891598;39.3901405;0
1116002;156000;-8.2891598;39.3901405;172
1118401;156030;-8.2891598;39.3901405;172
1120801;156090;-8.2891598;39.3901405;172
1123201;156130;-8.2891598;39.3901405;172
1125601;156170;-8.2891598;39.3901405;172
1128002;156210;-8.2891607;39.3901405;0
1130401;156250;-8.2891607;39.3901405;172
1132801;156310;-8.2891617;39.3901443;172
1135201;156360;-8.2891626;39.3901443;172
1137601;156400;-8.2891636;39.3901443;171
1140002;156440;-8.2891645;39.3901443;171
1142401;156490;-8.2891645;39.3901405;171
1144801;156550;-8.2891655;39.3901405;171
1147201;156600;-8.2891665;39.3901405;0
1149601;156640;-8.2891655;39.3901405;171
1152002;156680;-8.2891655;39.3901405;171
1154401;156730;-8.2891655;39.3901367;171
1156801;156770;-8.2891655;39.3901367;171
1159201;156840;-8.2891645;39.3901367;171
1161601;156880;-8.2891636;39.3901367;171
1164002;156920;-8.2891617;39.3901367;171
1166401;156990;-8.2891607;39.3901329;171
1168801;157060;-8.2891607;39.3901329;171
1171201;157090;-8.2891607;39.3901367;171
1173601;157120;-8.2891617;39.3901367;171
1176002;157170;-8.2891617;39.3901367;171
1178401;157230;-8.2891607;39.3901367;0
1180801;157280;-8.2891598;39.3901367;172
1183201;157310;-8.2891588;39.3901367;0
1185601;157360;-8.2891569;39.3901367;172
1188002;157410;-8.2891541;39.3901367;172
1190401;157440;-8.2891512;39.3901367;172
1192801;157500;-8.2891502;39.3901367;172
1195201;157550;-8.2891502;39.3901367;172
1197601;157580;-8.2891502;39.3901329;172
1200002;157630;-8.2891493;39.3901329;172
1202401;157670;-8.2891483;39.3901291;173
1204801;157710;-8.2891483;39.3901291;173
1207201;157770;-8.2891474;39.3901291;173
1209601;157810;-8.2891483;39.3901291;173
1212002;157880;-8.2891502;39.3901291;173
1214401;157910;-8.2891512;39.3901291;172
1216801;157960;-8.2891531;39.3901291;172
1219201;158020;-8.2891550;39.3901291;0
1221601;158060;-8.2891569;39.3901291;172
1224002;158100;-8.2891569;39.3901291;172
1226401;158140;-8.2891579;39.3901291;171
1228801;158180;-8.2891569;39.3901291;171
1231201;158230;-8.2891579;39.3901291;171
1233601;158250;-8.2891569;39.3901291;171
1236002;158300;-8.2891579;39.3901253;171
1238401;158340;-8.2891588;39.3901253;171
1240801;158360;-8.2891598;39.3901253;171
1243201;158440;-8.2891617;39.3901291;170
1245601;158470;-8.2891617;39.3901291;171
1248002;158530;-8.2891626;39.3901291;171
1250401;158560;-8.2891626;39.3901329;170
1252801;158610;-8.2891626;39.3901329;170
1255201;158650;-8.2891636;39.3901329;0
1257601;158690;-8.2891645;39.3901329;170
1260002;158710;-8.2891645;39.3901329;169
1262401;158780;-8.2891655;39.3901367;169
1264801;158810;-8.2891665;39.3901367;169
1267201;158850;-8.2891665;39.3901367;169
1269601;158870;-8.2891665;39.3901405;169
1272002;158950;-8.2891665;39.3901405;169
1274401;158960;-8.2891655;39.3901443;169
1276801;159000;-8.2891665;39.3901443;169
1279201;159040;-8.2891665;39.3901443;169
1281601;159080;-8.2891665;39.3901443;169
1284002;159110;-8.2891674;39.3901443;169
1286401;159150;-8.2891665;39.3901443;169
1288801;159180;-8.2891665;39.3901443;169
1291201;159240;-8.2891665;39.3901405;0
1293601;159260;-8.2891665;39.3901405;169
1296002;159310;-8.2891665;39.3901405;169
1298401;159360;-8.2891655;39.3901405;169
1300801;159400;-8.2891665;39.3901405;169
1303201;159450;-8.2891655;39.3901405;169
1305601;159470;-8.2891655;39.3901405;169
1310401;159560;-8.2891636;39.3901405;169
1312801;159610;-8.2891636;39.3901405;169
1315201;159660;-8.2891617;39.3901405;169
1317601;159690;-8.2891617;39.3901405;169
1320002;159730;-8.2891607;39.3901443;169
1322401;159770;-8.2891607;39.3901443;169
1324801;159810;-8.2891607;39.3901443;169
1327201;159860;-8.2891607;39.3901443;0
1329601;159890;-8.2891617;39.3901443;169
1332002;159920;-8.2891617;39.3901482;169
1334401;159980;-8.2891617;39.3901482;169
1338002;160030;-8.2891645;39.3901482;169
1340401;160080;-8.2891655;39.3901482;169
1342801;160080;-8.2891665;39.3901482;169
1345201;160130;-8.2891665;39.3901520;0
1347601;160160;-8.2891665;39.3901520;169
1350002;160190;-8.2891665;39.3901520;169
1352401;160250;-8.2891665;39.3901520;169
1354801;160280;-8.2891665;39.3901520;169
1357201;160310;-8.2891665;39.3901520;169
1359601;160360;-8.2891674;39.3901520;169
1365601;160460;-8.2891703;39.3901482;168
1368002;160470;-8.2891712;39.3901482;168
1370401;160510;-8.2891712;39.3901482;169
1372801;160540;-8.2891712;39.3901482;169
1375201;160570;-8.2891703;39.3901520;170
1377601;160610;-8.2891703;39.3901520;170
1380002;160650;-8.2891712;39.3901520;169
1382401;160670;-8.2891722;39.3901520;0
1384801;160740;-8.2891731;39.3901520;168
1387201;160740;-8.2891731;39.3901558;169
1390801;160840;-8.2891731;39.3901558;168
1393201;160850;-8.2891712;39.3901558;169
1395601;160870;-8.2891722;39.3901558;169
1398002;160920;-8.2891731;39.3901558;169
1401601;160960;-8.2891731;39.3901558;169
1404002;160990;-8.2891731;39.3901558;169
1406401;161030;-8.2891712;39.3901558;169
1408801;161060;-8.2891712;39.3901558;170
1411201;161100;-8.2891712;39.3901558;170
1413601;161120;-8.2891703;39.3901520;170
1416002;161150;-8.2891703;39.3901520;171
1418401;161190;-8.2891693;39.3901520;172
1420801;161240;-8.2891684;39.3901520;172
1423201;161240;-8.2891674;39.3901520;173
1425601;161270;-8.2891665;39.3901520;172
1428002;161310;-8.2891665;39.3901520;172
1435201;161420;-8.2891665;39.3901520;170
1437601;161460;-8.2891665;39.3901520;0
1442401;161520;-8.2891684;39.3901520;171
1444801;161540;-8.2891684;39.3901520;172
1447201;161600;-8.2891693;39.3901520;172
1452002;161660;-8.2891684;39.3901520;171
1456801;161720;-8.2891674;39.3901558;170
1459201;161760;-8.2891674;39.3901596;170
1461601;161790;-8.2891674;39.3901596;170
1464002;161840;-8.2891674;39.3901596;170
1466401;161870;-8.2891674;39.3901596;171
1468801;161910;-8.2891684;39.3901596;171
1471201;161920;-8.2891684;39.3901634;170
1473601;161980;-8.2891674;39.3901634;170
1476002;162020;-8.2891674;39.3901634;169
1478401;162050;-8.2891665;39.3901634;169
1480801;162080;-8.2891665;39.3901634;169
1483201;162120;-8.2891665;39.3901634;169
1485601;162170;-8.2891665;39.3901596;168
1488002;162210;-8.2891665;39.3901596;168
1490401;162230;-8.2891655;39.3901596;168
1492801;162280;-8.2891655;39.3901558;0
1495201;162320;-8.2891655;39.3901558;168
1497601;162360;-8.2891645;39.3901558;168
1500002;162400;-8.2891645;39.3901558;169
1502401;162440;-8.2891645;39.3901558;169
1504801;162450;-8.2891645;39.3901558;169
1507201;162510;-8.2891636;39.3901558;169
1509601;162550;-8.2891636;39.3901558;169
1512002;162590;-8.2891645;39.3901558;169
1514401;162640;-8.2891645;39.3901520;169
1516801;162660;-8.2891645;39.3901520;169
1519201;162710;-8.2891645;39.3901520;168
1521601;162750;-8.2891645;39.3901520;169
1524002;162760;-8.2891645;39.3901558;169
1526401;162810;-8.2891645;39.3901558;169
1528801;162840;-8.2891645;39.3901558;0
1531201;162880;-8.2891645;39.3901558;170
1533601;162920;-8.2891636;39.3901558;169
1536002;162970;-8.2891626;39.3901596;169
1538401;163000;-8.2891617;39.3901596;168
1540801;163020;-8.2891607;39.3901596;168
1543201;163070;-8.2891588;39.3901558;168
1548002;163150;-8.2891588;39.3901558;167
1550401;163190;-8.2891588;39.3901558;167
1552801;163220;-8.2891579;39.3901558;167
1555201;163260;-8.2891569;39.3901558;167
1557601;163280;-8.2891560;39.3901558;167
1560002;163350;-8.2891550;39.3901558;167
1562401;163390;-8.2891550;39.3901558;167
1564801;163400;-8.2891560;39.3901558;167
1567201;163440;-8.2891560;39.3901558;167
1569601;163470;-8.2891560;39.3901558;167
1572002;163530;-8.2891569;39.3901558;167
1574401;163550;-8.2891569;39.3901558;168
1576801;163590;-8.2891560;39.3901558;168
1579201;163610;-8.2891541;39.3901558;168
1581601;163650;-8.2891541;39.3901558;169
1586401;163720;-8.2891550;39.3901520;169
1588801;163740;-8.2891550;39.3901520;169
1591201;163780;-8.2891550;39.3901520;169
1593601;163830;-8.2891541;39.3901520;169
1596002;163870;-8.2891541;39.3901520;169
1598401;163900;-8.2891541;39.3901520;169
1600801;163940;-8.2891550;39.3901558;168
1603201;163990;-8.2891560;39.3901596;168
1605601;164010;-8.2891579;39.3901596;168
1608002;164040;-8.2891588;39.3901634;168
1610401;164080;-8.2891588;39.3901634;167
1612801;164090;-8.2891607;39.3901634;167
1615201;164130;-8.2891607;39.3901634;167
1617601;164160;-8.2891607;39.3901672;166
1620002;164200;-8.2891607;39.3901672;166
1622401;164210;-8.2891607;39.3901672;0
1626002;164250;-8.2891617;39.3901634;165
1628401;164290;-8.2891617;39.3901634;165
1630801;164310;-8.2891617;39.3901634;165
1633201;164350;-8.2891617;39.3901634;165
1635601;164370;-8.2891617;39.3901634;165
1638002;164420;-8.2891617;39.3901634;166
1640401;164420;-8.2891636;39.3901672;166
1642801;164420;-8.2891655;39.3901672;166
1645201;164470;-8.2891665;39.3901711;167
1647601;164500;-8.2891674;39.3901711;167
1650002;164520;-8.2891684;39.3901711;168
1652401;164550;-8.2891684;39.3901711;168
1654801;164560;-8.2891684;39.3901711;168
1657201;164590;-8.2891674;39.3901672;169
1659601;164620;-8.2891674;39.3901672;0
1664401;164640;-8.2891674;39.3901634;169
1666801;164670;-8.2891674;39.3901634;169
1669201;164710;-8.2891665;39.3901596;169
1674002;164780;-8.2891665;39.3901558;169
1681201;164840;-8.2891674;39.3901558;169
1683601;164860;-8.2891693;39.3901558;168
1686002;164890;-8.2891703;39.3901596;168
1690801;164960;-8.2891703;39.3901596;169
1693201;164980;-8.2891703;39.3901634;0
1695601;164970;-8.2891693;39.3901634;169
1698002;164990;-8.2891693;39.3901634;169
1700401;165030;-8.2891693;39.3901634;169
1702801;165050;-8.2891674;39.3901596;169
1705201;165060;-8.2891665;39.3901596;169
1708801;165100;-8.2891636;39.3901596;169
1711201;165100;-8.2891626;39.3901596;169
1713601;165150;-8.2891617;39.3901558;168
1716002;165140;-8.2891607;39.3901558;168
1718401;165150;-8.2891598;39.3901558;168
1720801;165210;-8.2891588;39.3901596;168
1723201;165220;-8.2891579;39.3901558;168
1725601;165240;-8.2891579;39.3901558;168
1728002;165260;-8.2891579;39.3901558;168
1730401;165280;-8.2891588;39.3901558;168
1732801;165310;-8.2891598;39.3901558;168
1735201;165320;-8.2891598;39.3901558;168
1737601;165340;-8.2891598;39.3901558;168
1740002;165380;-8.2891598;39.3901558;168
1742401;165390;-8.2891598;39.3901558;169
1746002;165440;-8.2891588;39.3901558;170
1748401;165450;-8.2891598;39.3901558;170
1750801;165460;-8.2891588;39.3901558;170
1753201;165490;-8.2891588;39.3901558;169
1756801;165500;-8.2891588;39.3901558;169
1759201;165560;-8.2891579;39.3901520;169
1761601;165560;-8.2891579;39.3901520;169
1764002;165570;-8.2891579;39.3901520;169
1766401;165600;-8.2891569;39.3901520;169
1768801;165620;-8.2891569;39.3901520;168
1771201;165640;-8.2891569;39.3901520;168
1773601;165660;-8.2891588;39.3901520;167
1776002;165710;-8.2891598;39.3901520;167
1778401;165710;-8.2891598;39.3901520;0
1780801;165740;-8.2891607;39.3901520;167
1785601;165760;-8.2891655;39.3901520;166
1789201;165770;-8.2891665;39.3901520;166
1791601;165800;-8.2891674;39.3901520;166
1796401;165830;-8.2891665;39.3901520;166
1803601;165890;-8.2891636;39.3901482;166
1806002;165900;-8.2891665;39.3901482;165
1808401;165920;-8.2891693;39.3901482;165
1810801;165960;-8.2891703;39.3901482;165
1813201;165980;-8.2891712;39.3901443;165
1815601;165990;-8.2891693;39.3901443;165
1818002;166010;-8.2891693;39.3901405;166
1820401;166040;-8.2891684;39.3901405;166
1822801;166050;-8.2891674;39.3901405;167
1826401;166060;-8.2891636;39.3901405;167
1828801;166100;-8.2891636;39.3901405;167
1833601;166120;-8.2891607;39.3901405;167
1836002;166150;-8.2891598;39.3901443;167
1838401;166170;-8.2891588;39.3901443;167
1840801;166160;-8.2891579;39.3901443;167
1843201;166200;-8.2891579;39.3901443;167
1845601;166210;-8.2891588;39.3901482;167
1848002;166250;-8.2891598;39.3901482;167
1850401;166270;-8.2891598;39.3901482;0
1852801;166260;-8.2891598;39.3901482;167
1855201;166300;-8.2891598;39.3901482;167
1857601;166320;-8.2891617;39.3901482;167
1860002;166340;-8.2891636;39.3901520;167
1862401;166360;-8.2891665;39.3901520;167
1864801;166380;-8.2891693;39.3901558;167
1867201;166390;-8.2891712;39.3901558;167
1869601;166400;-8.2891731;39.3901596;167
1872002;166430;-8.2891741;39.3901596;167
1874401;166460;-8.2891750;39.3901596;167
1876801;166450;-8.2891750;39.3901634;166
1879201;166490;-8.2891750;39.3901634;167
1881601;166500;-8.2891731;39.3901634;167
1884002;166520;-8.2891722;39.3901596;167
1886401;166560;-8.2891722;39.3901634;0
1888801;166560;-8.2891741;39.3901634;167
1891201;166580;-8.2891750;39.3901634;167
1893601;166600;-8.2891760;39.3901672;166
1896002;166610;-8.2891788;39.3901711;166
1898401;166650;-8.2891808;39.3901749;166
1900801;166680;-8.2891817;39.3901787;166
1903201;166690;-8.2891855;39.3901825;166
1905601;166710;-8.2891855;39.3901863;166
1908002;166710;-8.2891855;39.3901863;166
1910401;166760;-8.2891865;39.3901901;166
1912801;166770;-8.2891884;39.3901901;167
1916401;166810;-8.2891903;39.3901939;167
1918801;166810;-8.2891912;39.3901939;168
1922401;166860;-8.2891951;39.3902016;0
1924801;166890;-8.2891960;39.3902054;169
1927201;166900;-8.2891951;39.3902092;169
1929601;166910;-8.2891960;39.3902092;169
1932002;166910;-8.2891960;39.3902092;169
1934401;166940;-8.2891951;39.3902054;169
1936801;166970;-8.2891922;39.3902016;169
1939201;166990;-8.2891903;39.3902016;169
1941601;167010;-8.2891884;39.3902016;169
1948801;167070;-8.2891846;39.3901939;169
1951201;167070;-8.2891836;39.3901901;169
1953601;167100;-8.2891827;39.3901901;169
1956002;167140;-8.2891817;39.3901901;170
1958401;167140;-8.2891817;39.3901939;171
1966801;167220;-8.2891779;39.3902016;172
1969201;167230;-8.2891798;39.3902016;172
1971601;167240;-8.2891808;39.3902016;172
1974002;167250;-8.2891808;39.3902016;172
1976401;167280;-8.2891817;39.3902016;172
1978801;167300;-8.2891827;39.3902016;172
1981201;167330;-8.2891846;39.3902016;171
1983601;167340;-8.2891846;39.3902016;171
1986002;167360;-8.2891846;39.3902016;171
1998002;167450;-8.2891874;39.3901939;169
2000401;167460;-8.2891874;39.3901901;169
2002801;167480;-8.2891874;39.3901939;169
2005201;167500;-8.2891874;39.3901939;170
2007601;167500;-8.2891884;39.3901939;170
2010002;167520;-8.2891865;39.3901939;170
2012401;167550;-8.2891836;39.3901901;170
2016002;167560;-8.2891836;39.3901901;170
2018401;167550;-8.2891817;39.3901901;170
2020801;167590;-8.2891808;39.3901863;169
2023201;167590;-8.2891779;39.3901825;169
2025601;167600;-8.2891750;39.3901787;168
2028002;167630;-8.2891731;39.3901711;168
2030401;167660;-8.2891693;39.3901672;168
2032801;167700;-8.2891645;39.3901672;168
2035201;167700;-8.2891607;39.3901596;168
2037601;167710;-8.2891598;39.3901596;168
2040002;167730;-8.2891569;39.3901558;168
2042401;167770;-8.2891560;39.3901558;168
2044801;167780;-8.2891550;39.3901558;168
2047201;167790;-8.2891531;39.3901558;0
2049601;167800;-8.2891521;39.3901558;168
2052002;167840;-8.2891512;39.3901558;167
2054401;167850;-8.2891502;39.3901596;167
2056801;167880;-8.2891512;39.3901558;167
2059201;167910;-8.2891531;39.3901558;167
2061601;167920;-8.2891531;39.3901558;167
2095201;167930;-8.2891665;39.3901520;169
2097601;167930;-8.2891655;39.3901482;169
2100002;167920;-8.2891665;39.3901482;169
2102401;167920;-8.2891665;39.3901482;169
2104801;167920;-8.2891655;39.3901482;169
2107201;167910;-8.2891636;39.3901482;169
2109601;167910;-8.2891626;39.3901482;169
2112002;167910;-8.2891598;39.3901482;169
2114401;167930;-8.2891588;39.3901482;170
2142002;167910;-8.2891665;39.3901520;171
2144401;167900;-8.2891665;39.3901482;171
2146801;167880;-8.2891665;39.3901482;171
2149201;167910;-8.2891665;39.3901482;171
2151601;167900;-8.2891674;39.3901482;171
2154002;167920;-8.2891693;39.3901482;0
2157601;167930;-8.2891703;39.3901482;170
2161201;167930;-8.2891712;39.3901520;170
2178002;167930;-8.2891941;39.3901596;173
2180401;167910;-8.2891951;39.3901634;173
2193601;167910;-8.2891903;39.3901672;174
2196002;167920;-8.2891874;39.3901711;174
2198401;167920;-8.2891855;39.3901711;174
2200801;167880;-8.2891846;39.3901711;174
2203201;167870;-8.2891846;39.3901711;173
2208002;167890;-8.2891836;39.3901711;173
2210401;167910;-8.2891827;39.3901749;173
2212801;167910;-8.2891808;39.3901749;172
2246401;167930;-8.2891693;39.3901787;173
2251201;167920;-8.2891684;39.3901787;173
2253601;167910;-8.2891674;39.3901787;173
2256002;167920;-8.2891684;39.3901787;173
2258401;167930;-8.2891665;39.3901787;173
2294401;167920;-8.2891598;39.3901901;172
2301601;167920;-8.2891598;39.3901863;173
2305201;167930;-8.2891607;39.3901825;174
2310002;167930;-8.2891626;39.3901787;174
2312401;167930;-8.2891626;39.3901749;174
2359201;167930;-8.2891665;39.3901672;170
2361601;167930;-8.2891645;39.3901672;170
2364002;167930;-8.2891645;39.3901672;170
2390401;119690;0.9833333;50.9833336;0
2396401;83250;-8.2831564;39.3918304;0
2402401;59950;-8.2815533;39.3923035;7877
2404801;55740;-8.2810583;39.3923340;8329
2409601;48830;-8.2799263;39.3923912;9201
2412002;46170;-8.2794886;39.3924065;9458
2414401;44620;-8.2789173;39.3924255;9758
2416801;43480;-8.2785511;39.3924370;9905
2419201;42690;-8.2781792;39.3924370;10009
2421601;42350;-8.2776394;39.3924255;10090
2424002;42370;-8.2772961;39.3924103;10097
2426401;42760;-8.2767849;39.3923798;10036
2428801;43230;-8.2765293;39.3922997;9962
2431201;43850;-8.2763386;39.3920937;9891
2443201;46680;-8.2764482;39.3902092;9466
2445601;47390;-8.2766228;39.3898087;9363
2448002;47780;-8.2766838;39.3895454;9300
2450401;48290;-8.2767830;39.3891258;0
2452801;48770;-8.2768688;39.3888931;9134
2455201;49410;-8.2769508;39.3887100;9070
2457601;49980;-8.2770853;39.3883820;8975
2460002;50630;-8.2771931;39.3881340;8910
2462401;51060;-8.2773924;39.3877869;8810
2464801;51650;-8.2774887;39.3875923;8748
2467201;52330;-8.2775755;39.3874016;8683
2469601;53020;-8.2777729;39.3871078;8588
2472002;53520;-8.2778912;39.3869476;8528
2474401;53840;-8.2780046;39.3866806;8430
2476801;54550;-8.2780333;39.3864784;8365
2480401;55280;-8.2782841;39.3860970;8241
2482801;55940;-8.2784519;39.3859100;8174
2485201;56560;-8.2785854;39.3856697;8113
2490002;57420;-8.2788181;39.3850746;7959
2492401;57990;-8.2790499;39.3846207;7868
2494801;58100;-8.2792091;39.3843307;7809
2497201;58960;-8.2792978;39.3840675;7746
2499601;59200;-8.2795172;39.3836441;7661
2502002;59910;-8.2796488;39.3833580;7601
2504401;60330;-8.2798252;39.3829880;7512
2506801;60990;-8.2799854;39.3827477;7454
2509201;61530;-8.2801094;39.3824844;0
2511601;62000;-8.2802811;39.3821831;7307
2514002;62450;-8.2803936;39.3820381;7246
2516401;62910;-8.2805529;39.3817673;7158
2518801;63380;-8.2806292;39.3815308;7098
2521201;63850;-8.2808285;39.3811874;0
2523601;64550;-8.2809048;39.3809624;6953
2526002;65170;-8.2810030;39.3807640;6895
2528401;65330;-8.2810822;39.3804512;6811
2530801;65960;-8.2811680;39.3802528;6749
2533201;66620;-8.2812853;39.3798637;6659
2535601;66780;-8.2813549;39.3796577;6603
2538002;67520;-8.2814436;39.3794403;6545
2540401;68250;-8.2815514;39.3791885;6461
2542801;68550;-8.2816095;39.3789520;6404
2545201;69110;-8.2817020;39.3786278;6319
2547601;69470;-8.2817736;39.3784485;6260
2551201;70370;-8.2819195;39.3780785;6142
2553601;71030;-8.2819929;39.3778305;6087
2556002;71600;-8.2820673;39.3776093;6035
2558401;72150;-8.2821217;39.3772469;5953
2562001;72750;-8.2821455;39.3769417;5870
2564401;73490;-8.2822609;39.3765755;5785
2566801;74010;-8.2823105;39.3763466;5726
2569201;74680;-8.2824697;39.3759956;5641
2571601;75270;-8.2825470;39.3757820;5587
2574002;75480;-8.2825994;39.3755302;5536
2576401;76120;-8.2826385;39.3751335;5459
2578801;76690;-8.2826729;39.3748894;5406
2581201;77160;-8.2827101;39.3745308;5324
2583601;77530;-8.2827787;39.3743134;5269
2586002;78060;-8.2827921;39.3741074;5216
2588401;78620;-8.2828379;39.3738556;5136
2592002;79400;-8.2828951;39.3736115;5054
2594401;79930;-8.2829876;39.3733559;4974
2596801;80220;-8.2830496;39.3731766;4919
2599201;80780;-8.2831354;39.3729134;4842
2601601;81530;-8.2831755;39.3727570;4791
2604002;81940;-8.2832518;39.3725510;4737
2606401;82450;-8.2833109;39.3722954;4660
2608801;82750;-8.2834139;39.3721046;4608
2611201;83230;-8.2835369;39.3718567;4532
2613601;83650;-8.2836008;39.3716850;4481
2616002;84450;-8.2836390;39.3715439;4429
2618401;84580;-8.2837276;39.3713570;4356
2620801;85010;-8.2837715;39.3712387;0
2623201;85780;-8.2838354;39.3710289;4230
2625601;86350;-8.2838669;39.3709259;4183
2628002;87170;-8.2839537;39.3708076;4131
2630401;87500;-8.2839594;39.3705711;4054
2632801;88150;-8.2839985;39.3703957;4000
2635201;88300;-8.2841358;39.3701439;0
2637601;89250;-8.2842216;39.3699989;3872
2640002;89850;-8.2843103;39.3698196;3823
2642401;90260;-8.2843733;39.3696060;3748
2647201;91030;-8.2844458;39.3692513;3619
2649601;91540;-8.2845116;39.3691063;3571
2652002;92240;-8.2845592;39.3689461;3522
2654401;92850;-8.2845631;39.3687172;3450
2656801;93350;-8.2846222;39.3685799;3400
2659201;93810;-8.2846241;39.3684006;3325
2661601;94500;-8.2846174;39.3682671;3279
2664002;95290;-8.2846756;39.3681297;3232
2666401;95890;-8.2846966;39.3679466;3163
2668801;96450;-8.2847481;39.3678207;3117
2671201;97230;-8.2849274;39.3676643;3043
2673601;97580;-8.2850246;39.3675079;2999
2680801;99180;-8.2854385;39.3670464;2827
2683201;99770;-8.2856560;39.3668785;2755
2685601;100180;-8.2857742;39.3667221;2709
2688002;100980;-8.2859344;39.3665810;2642
2690401;101420;-8.2860451;39.3664780;2595
2692801;102080;-8.2861004;39.3664131;2547
2695201;101610;-8.2862167;39.3662338;2475
2700002;102840;-8.2863693;39.3660431;2361
2704801;104140;-8.2863855;39.3658943;2270
2707201;104750;-8.2863569;39.3658295;2201
2709601;105030;-8.2864008;39.3657913;2155
2712002;105850;-8.2865458;39.3657532;2088
2714401;106390;-8.2866011;39.3657036;2045
2716801;107110;-8.2866726;39.3656731;2005
2719201;107870;-8.2867432;39.3655586;1937
2721601;108290;-8.2867966;39.3655205;1892
2724002;108900;-8.2868032;39.3654671;1825
2726401;108880;-8.2868147;39.3654518;1784
2728801;109450;-8.2868271;39.3654137;1742
2731201;110420;-8.2868204;39.3653908;1675
2733601;110820;-8.2868319;39.3653679;1632
2739601;112370;-8.2867899;39.3652458;1499
2742002;113070;-8.2868233;39.3652039;1434
2744401;113720;-8.2868519;39.3652039;1391
2746801;114170;-8.2868471;39.3652115;1347
2749201;114850;-8.2868052;39.3651810;1286
2751601;115490;-8.2867699;39.3651619;1242
2754002;116290;-8.2866087;39.3650208;0
2756401;116980;-8.2865419;39.3649292;1130
2758801;117600;-8.2865353;39.3649139;1085
2761201;118350;-8.2865124;39.3649254;1020
2763601;119020;-8.2864542;39.3649368;974
2766002;119970;-8.2863407;39.3648720;906
2768401;120340;-8.2862968;39.3648376;865
2772002;121430;-8.2861567;39.3647766;772
2774401;122370;-8.2861214;39.3647690;727
2776801;122920;-8.2860804;39.3647385;685
2779201;123550;-8.2860231;39.3647194;0
2781601;123960;-8.2859526;39.3646736;580
2784002;124640;-8.2858248;39.3646202;528
2786401;124920;-8.2858248;39.3645782;517
2788801;125410;-8.2858143;39.3644829;505
2791201;125590;-8.2857676;39.3643074;489
2793601;125970;-8.2857180;39.3641891;478
2796002;126210;-8.2856236;39.3639908;0
2798401;126280;-8.2855186;39.3639030;451
2800801;126510;-8.2854404;39.3639374;437
2808002;127230;-8.2851505;39.3640480;393
2810401;127550;-8.2851219;39.3640594;380
2812801;127790;-8.2851353;39.3640442;367
2815201;128110;-8.2851057;39.3640480;347
2817601;128300;-8.2850780;39.3640442;0
2820002;128570;-8.2851114;39.3638763;313
2822401;128820;-8.2850790;39.3637238;0
2824801;129080;-8.2849751;39.3635941;284
2827201;129410;-8.2848129;39.3635178;263
2829601;129620;-8.2847424;39.3635178;248
2832002;129850;-8.2846699;39.3635445;227
2834401;130050;-8.2846527;39.3635597;213
2836801;130440;-8.2847137;39.3635292;198
2839201;130670;-8.2848454;39.3634071;182
2841601;130610;-8.2848425;39.3633995;181
2844002;130580;-8.2848396;39.3633995;181
2846401;130630;-8.2848387;39.3633995;181
2848801;130670;-8.2848377;39.3633995;181
2851201;130710;-8.2848358;39.3634033;180
2853601;130740;-8.2848349;39.3634033;180
2856002;130780;-8.2848339;39.3634071;180
2858401;130830;-8.2848330;39.3634071;180
2860801;130870;-8.2848291;39.3634109;0
2863201;130900;-8.2848282;39.3634109;179
2865601;130940;-8.2848272;39.3634148;179
2868002;130980;-8.2848253;39.3634148;179
2870401;131030;-8.2848244;39.3634148;180
2872801;131050;-8.2848225;39.3634148;180
2876401;131160;-8.2848225;39.3634109;180
2886002;131320;-8.2848215;39.3634186;181
2893201;131460;-8.2848186;39.3634186;181
2898002;131550;-8.2848167;39.3634186;180
2900401;131610;-8.2848148;39.3634186;180
2902801;131670;-8.2848120;39.3634186;0
2905201;131730;-8.2848091;39.3634186;180
2908801;131750;-8.2848034;39.3634148;180
2911201;131790;-8.2848024;39.3634186;180
2913601;131870;-8.2848005;39.3634148;180
2916002;131910;-8.2848005;39.3634186;180
2925601;132100;-8.2848024;39.3634224;179
2930401;132180;-8.2848034;39.3634224;179
2950801;132550;-8.2848091;39.3634262;179
2965201;132790;-8.2848167;39.3634262;180
2968801;132900;-8.2848196;39.3634262;179
2971201;132940;-8.2848206;39.3634300;179
2973601;132930;-8.2848206;39.3634262;180
2980801;133090;-8.2848234;39.3634262;180
3079201;134930;-8.2848387;39.3633842;178
3081601;134980;-8.2848377;39.3633842;178
3084002;135030;-8.2848377;39.3633804;178
3086401;135060;-8.2848368;39.3633804;178
3088801;135120;-8.2848349;39.3633804;178
3091201;135160;-8.2848339;39.3633804;178
3096002;135260;-8.2848320;39.3633766;178
3098401;135320;-8.2848320;39.3633766;178
3189601;137400;-8.2848215;39.3633804;179
3736801;154040;-8.2848406;39.3633842;176
3744002;154260;-8.2848396;39.3633842;176
3746401;154350;-8.2848396;39.3633804;176
3748801;154420;-8.2848387;39.3633804;176
3751201;154500;-8.2848377;39.3633804;176
3753601;154580;-8.2848377;39.3633804;176
3756002;154650;-8.2848377;39.3633804;176
4106401;166170;-8.2848263;39.3633995;178
4342801;172530;-8.2848310;39.3633881;176
4347601;172630;-8.2848301;39.3633881;177
